{"accuracy": [0.939022421836853, 0.9446894526481628, 0.9455718398094177, 0.9461631178855896, 0.9463826417922974, 0.9466982483863831, 0.9469077587127686, 0.9470337629318237, 0.9471766352653503, 0.9472870230674744, 0.9473687410354614, 0.9474681615829468, 0.9474406242370605, 0.9474796056747437, 0.9475212097167969, 0.9475702047348022, 0.947608470916748, 0.9476134777069092, 0.9476380348205566, 0.947731614112854], "loss": [0.1536436378955841, 0.1388818621635437, 0.1365067958831787, 0.13523486256599426, 0.1342875063419342, 0.13366174697875977, 0.13310346007347107, 0.1327933371067047, 0.1323833018541336, 0.13190791010856628, 0.1317642778158188, 0.1315624713897705, 0.13148540258407593, 0.13125331699848175, 0.1311340481042862, 0.13102765381336212, 0.1310347020626068, 0.13088302314281464, 0.13078638911247253, 0.1305808573961258], "val_accuracy": [0.9531849026679993, 0.9529275894165039, 0.953592836856842, 0.9534008502960205, 0.9533095359802246, 0.9543141722679138, 0.9536868333816528, 0.954220175743103, 0.9536522030830383, 0.9545901417732239, 0.9542574882507324, 0.9523162841796875, 0.9539275169372559, 0.954174816608429, 0.9545661211013794, 0.9541921615600586, 0.9539541602134705, 0.9544247984886169, 0.9544088244438171, 0.9531221985816956], "val_loss": [0.11280769854784012, 0.11345672607421875, 0.11249703913927078, 0.11199644953012466, 0.11372408270835876, 0.1124216765165329, 0.11169490963220596, 0.11202311515808105, 0.11182247847318649, 0.11216769367456436, 0.11142926663160324, 0.1136382594704628, 0.11265449225902557, 0.11187352985143661, 0.11116035282611847, 0.11160299926996231, 0.1114872470498085, 0.11225559562444687, 0.11125055700540543, 0.11284713447093964]}